Model,MAE,RMSE,Rank (RMSE),RMSE vs Naive (%)
SARIMA,13195.64015690077,23701.67885647046,1,-25.812577500630095
ETS,15868.955879881942,27528.20172825734,2,-13.835372395800249
Prophet,18123.53535230388,29366.625130502678,3,-8.08101657564827
Naive,21789.210499999997,31948.37892726596,4,0.0
