,Worst Monthly Impact,Best Monthly Impact,End Cumulative Impact,Worst Cumulative Impact
Extreme,296630.02913873293,573629.5149208205,5378082.696134774,450475.7181767329
Severe,422389.2571876332,808494.8430350621,7558078.245066128,623603.6880377022
Mild,529891.6602771372,1031616.9047435916,9629074.016550915,788075.2594056226
